concentration,OD
0.000045,1.32
0.000021,0.96
0.000018,0.8
0.0000113,0.51
0.0000079,0.32
5.53E-06,0.22
3.85E-06,0.11
0.00000285,0.124
0.00000183,0.092
