concentration,OD
0.00003,1.32
0.0000225,0.99
0.000015,0.65
0.00001125,0.49
0.0000075,0.33
5.63E-06,0.25
0.00000375,0.164
0.00000281,0.124
0.00000187,0.08
