concentration,OD
0.000043,1.33
0.00002,0.97
0.000016,0.75
0.0000117,0.52
0.0000077,0.33
5.33E-06,0.21
3.89E-06,0.111
0.00000288,0.122
0.00000181,0.091
