concentration,OD
0.000035,1.32
0.000022,0.99
0.000015,0.8
0.00001125,0.51
0.0000075,0.33
5.63E-06,0.22
3.80E-06,0.12
0.00000281,0.124
0.00000187,0.09
